{
  "bookings": [
    {
      "userid": "chris_rivers",
      "dates": [
        {
          "date": "20151201",
          "movies": ["267eedb8-0f5d-42d5-8f43-72426b9fb3e6"]
        }
      ]
    },
    {
      "userid": "garret_heaton",
      "dates": [
        {
          "date": "20151201",
          "movies": ["267eedb8-0f5d-42d5-8f43-72426b9fb3e6"]
        },
        {
          "date": "20151202",
          "movies": ["276c79ec-a26a-40a6-b3d3-fb242a5947b6"]
        }
      ]
    },
    {
      "userid": "dwight_schrute",
      "dates": [
        {
          "date": "20151201",
          "movies": ["7daf7208-be4d-4944-a3ae-c1c2f516f3e6","267eedb8-0f5d-42d5-8f43-72426b9fb3e6"]
        },
        {
          "date": "20151205",
          "movies": ["a8034f44-aee4-44cf-b32c-74cf452aaaae","276c79ec-a26a-40a6-b3d3-fb242a5947b6"]
        }
      ]
    }
  ]
}