{
  "users": [
    {
      "id": "chris_rivers",
      "name": "Chris Rivers",
      "last_active":1360031010
    },
    {
      "id": "peter_curley",
      "name": "Peter Curley",
      "last_active": 1360031222
    },
    {
      "id": "garret_heaton",
      "name": "Garret Heaton",
      "last_active": 1360031425
    },
    {
      "id": "michael_scott",
      "name": "Michael Scott",
      "last_active": 1360031625
    },
    {
      "id": "jim_halpert",
      "name": "Jim Halpert",
      "last_active": 1360031325
    },
    {
      "id": "pam_beesly",
      "name": "Pam Beesly",
      "last_active": 1360031225
    },
    {
      "id": "dwight_schrute",
      "name": "Dwight Schrute",
      "last_active": 1360031202
    }
  ]
}